Gender,Age,Debt,Married,BankCustomer,Industry,Ethnicity,YearsEmployed,PriorDefault,Employed,CreditScore,DriversLicense,Citizen,ZipCode,Income,Approved
male,30.83,0,married,customer,Industrials,White,1.25,not defaulted,employed,1,unlicensed,ByBirth,202,0,+
female,58.67,4.46,married,customer,Materials,Black,3.04,not defaulted,employed,6,unlicensed,ByBirth,43,560,+
female,24.5,0.5,married,customer,Materials,Black,1.5,not defaulted,unemployed,0,unlicensed,ByBirth,280,824,+
male,27.83,1.54,married,customer,Industrials,White,3.75,not defaulted,employed,5,licensed,ByBirth,100,3,+
male,20.17,5.625,married,customer,Industrials,White,1.71,not defaulted,unemployed,0,unlicensed,ByOtherMeans,120,0,+
male,32.08,4,married,customer,CommServ,White,2.5,not defaulted,unemployed,0,licensed,ByBirth,360,0,+
male,33.17,1.04,married,customer,Transport,Black,6.5,not defaulted,unemployed,0,licensed,ByBirth,164,31285,+
female,22.92,11.585,married,customer,IT,White,0.04,not defaulted,unemployed,0,unlicensed,ByBirth,80,1349,+
male,54.42,0.5,unmarried,non customer,Financials,Black,3.96,not defaulted,unemployed,0,unlicensed,ByBirth,180,314,+
male,42.5,4.915,unmarried,non customer,Industrials,White,3.165,not defaulted,unemployed,0,licensed,ByBirth,52,1442,+
male,22.08,0.83,married,customer,Energy,Black,2.165,defaulted,unemployed,0,licensed,ByBirth,128,0,+
male,29.92,1.835,married,customer,Energy,Black,4.335,not defaulted,unemployed,0,unlicensed,ByBirth,260,200,+
female,38.25,6,married,customer,Financials,White,1,not defaulted,unemployed,0,licensed,ByBirth,0,0,+
male,48.08,6.04,married,customer,Financials,White,0.04,defaulted,unemployed,0,unlicensed,ByBirth,0,2690,+
female,45.83,10.5,married,customer,Materials,White,5,not defaulted,employed,7,licensed,ByBirth,0,0,+
male,36.67,4.415,unmarried,non customer,Financials,White,0.25,not defaulted,employed,10,licensed,ByBirth,320,0,+
male,28.25,0.875,married,customer,CommServ,White,0.96,not defaulted,employed,3,licensed,ByBirth,396,0,+
female,23.25,5.875,married,customer,Materials,White,3.17,not defaulted,employed,10,unlicensed,ByBirth,120,245,+
male,21.83,0.25,married,customer,Real Estate,Black,0.665,not defaulted,unemployed,0,licensed,ByBirth,0,0,+
female,19.17,8.585,married,customer,IT,Black,0.75,not defaulted,employed,7,unlicensed,ByBirth,96,0,+
male,25,11.25,married,customer,Energy,White,2.5,not defaulted,employed,17,unlicensed,ByBirth,200,1208,+
male,23.25,1,married,customer,Energy,White,0.835,not defaulted,unemployed,0,unlicensed,ByOtherMeans,300,0,+
female,47.75,8,married,customer,Energy,White,7.875,not defaulted,employed,6,licensed,ByBirth,0,1260,+
female,27.42,14.5,married,customer,Utilities,Black,3.085,not defaulted,employed,1,unlicensed,ByBirth,120,11,+
female,41.17,6.5,married,customer,Materials,White,0.5,not defaulted,employed,3,licensed,ByBirth,145,0,+
female,15.83,0.585,married,customer,Energy,Black,1.5,not defaulted,employed,2,unlicensed,ByBirth,100,0,+
female,47,13,married,customer,ConsDisc,Asian,5.165,not defaulted,employed,9,licensed,ByBirth,0,0,+
male,56.58,18.5,married,customer,Real Estate,Asian,15,not defaulted,employed,17,licensed,ByBirth,0,0,+
male,57.42,8.5,married,customer,Education,Black,7,not defaulted,employed,3,unlicensed,ByBirth,0,0,+
male,42.08,1.04,married,customer,Industrials,White,5,not defaulted,employed,6,licensed,ByBirth,500,10000,+
male,29.25,14.79,married,customer,ConsStaps,White,5.04,not defaulted,employed,5,licensed,ByBirth,168,0,+
male,42,9.79,married,customer,Utilities,Black,7.96,not defaulted,employed,8,unlicensed,ByBirth,0,0,+
male,49.5,7.585,married,customer,ConsDisc,Asian,7.585,not defaulted,employed,15,licensed,ByBirth,0,5000,+
female,36.75,5.125,married,customer,Education,White,5,not defaulted,unemployed,0,licensed,ByBirth,0,4000,+
female,22.58,10.75,married,customer,Materials,White,0.415,not defaulted,employed,5,licensed,ByBirth,0,560,+
male,27.83,1.5,married,customer,Industrials,White,2,not defaulted,employed,11,licensed,ByBirth,434,35,+
male,27.25,1.585,married,customer,IT,Black,1.835,not defaulted,employed,12,licensed,ByBirth,583,713,+
female,23,11.75,married,customer,Utilities,Black,0.5,not defaulted,employed,2,licensed,ByBirth,300,551,+
male,27.75,0.585,unmarried,non customer,IT,White,0.25,not defaulted,employed,2,unlicensed,ByBirth,260,500,+
male,54.58,9.415,married,customer,Healthcare,Latino,14.415,not defaulted,employed,11,licensed,ByBirth,30,300,+
male,34.17,9.17,married,customer,Energy,White,4.5,not defaulted,employed,12,licensed,ByBirth,0,221,+
male,28.92,15,married,customer,Energy,Black,5.335,not defaulted,employed,11,unlicensed,ByBirth,0,2283,+
male,29.67,1.415,married,customer,Industrials,Black,0.75,not defaulted,employed,1,unlicensed,ByBirth,240,100,+
male,39.58,13.915,married,customer,Industrials,White,8.625,not defaulted,employed,6,licensed,ByBirth,70,0,+
male,56.42,28,unmarried,non customer,Energy,White,28.5,not defaulted,employed,40,unlicensed,ByBirth,0,15,+
male,54.33,6.75,married,customer,Energy,Black,2.625,not defaulted,employed,11,licensed,ByBirth,0,284,+
female,41,2.04,unmarried,non customer,Materials,Black,0.125,not defaulted,employed,23,licensed,ByBirth,455,1236,+
male,31.92,4.46,married,customer,IT,Black,6.04,not defaulted,employed,3,unlicensed,ByBirth,311,300,+
male,41.5,1.54,married,customer,ConsDisc,Asian,3.5,defaulted,unemployed,0,unlicensed,ByBirth,216,0,+
male,23.92,0.665,married,customer,Energy,White,0.165,defaulted,unemployed,0,unlicensed,ByBirth,100,0,+
female,25.75,0.5,married,customer,Energy,Black,0.875,not defaulted,unemployed,0,licensed,ByBirth,491,0,+
male,26,1,married,customer,Materials,White,1.75,not defaulted,unemployed,0,licensed,ByBirth,280,0,+
male,37.42,2.04,married,customer,Industrials,White,0.04,not defaulted,unemployed,0,licensed,ByBirth,400,5800,+
male,34.92,2.5,married,customer,Industrials,White,0,not defaulted,unemployed,0,licensed,ByBirth,239,200,+
male,34.25,3,married,customer,IT,Black,7.415,not defaulted,unemployed,0,licensed,ByBirth,0,0,+
male,23.33,11.625,unmarried,non customer,Industrials,White,0.835,not defaulted,unemployed,0,licensed,ByBirth,160,300,+
male,23.17,0,married,customer,IT,White,0.085,not defaulted,unemployed,0,unlicensed,ByBirth,0,0,+
male,44.33,0.5,married,customer,ConsDisc,Black,5,not defaulted,unemployed,0,licensed,ByBirth,320,0,+
male,35.17,4.5,married,customer,Utilities,Black,5.75,defaulted,unemployed,0,licensed,ByOtherMeans,711,0,+
male,43.25,3,married,customer,Materials,Black,6,not defaulted,employed,11,unlicensed,ByBirth,80,0,+
male,56.75,12.25,married,customer,CommServ,White,1.25,not defaulted,employed,4,licensed,ByBirth,200,0,+
male,31.67,16.165,married,customer,Real Estate,White,3,not defaulted,employed,9,unlicensed,ByBirth,250,730,+
female,23.42,0.79,unmarried,non customer,Materials,White,1.5,not defaulted,employed,2,licensed,ByBirth,80,400,+
female,20.42,0.835,married,customer,Materials,White,1.585,not defaulted,employed,1,unlicensed,ByBirth,0,0,+
male,26.67,4.25,married,customer,IT,White,4.29,not defaulted,employed,1,licensed,ByBirth,120,0,+
male,34.17,1.54,married,customer,IT,White,1.54,not defaulted,employed,1,licensed,ByBirth,520,50000,+
female,36,1,married,customer,Energy,White,2,not defaulted,employed,11,unlicensed,ByBirth,0,456,+
male,25.5,0.375,married,customer,CommServ,White,0.25,not defaulted,employed,3,unlicensed,ByBirth,260,15108,+
male,19.42,6.5,married,customer,Industrials,Black,1.46,not defaulted,employed,7,unlicensed,ByBirth,80,2954,+
male,35.17,25.125,married,customer,Utilities,Black,1.625,not defaulted,employed,1,licensed,ByBirth,515,500,+
male,32.33,7.5,married,customer,Education,Asian,1.585,not defaulted,unemployed,0,licensed,ByOtherMeans,420,0,-
male,34.83,4,married,customer,Real Estate,Asian,12.5,not defaulted,unemployed,0,licensed,ByBirth,0,0,-
female,38.58,5,married,customer,IT,White,13.5,not defaulted,unemployed,0,licensed,ByBirth,980,0,-
male,44.25,0.5,married,customer,CommServ,White,10.75,not defaulted,unemployed,0,unlicensed,ByOtherMeans,400,0,-
male,44.83,7,unmarried,non customer,Energy,White,1.625,defaulted,unemployed,0,unlicensed,ByBirth,160,2,-
male,20.67,5.29,married,customer,Materials,White,0.375,not defaulted,employed,1,unlicensed,ByBirth,160,0,-
male,34.08,6.5,married,customer,ConsStaps,White,0.125,not defaulted,unemployed,0,licensed,ByBirth,443,0,-
female,19.17,0.585,unmarried,non customer,ConsStaps,White,0.585,not defaulted,unemployed,0,licensed,ByBirth,160,0,-
male,21.67,1.165,unmarried,non customer,Financials,White,2.5,not defaulted,employed,1,unlicensed,ByBirth,180,20,-
male,21.5,9.75,married,customer,Energy,White,0.25,not defaulted,unemployed,0,unlicensed,ByBirth,140,0,-
male,49.58,19,married,customer,Healthcare,Latino,0,not defaulted,employed,1,unlicensed,ByBirth,94,0,-
female,27.67,1.5,married,customer,CommServ,White,2,not defaulted,unemployed,0,unlicensed,ByOtherMeans,368,0,-
male,39.83,0.5,married,customer,CommServ,White,0.25,not defaulted,unemployed,0,unlicensed,ByOtherMeans,288,0,-
female,28.46,3.5,married,customer,Real Estate,White,3,not defaulted,unemployed,0,licensed,ByBirth,300,0,-
male,27.25,0.625,married,customer,ConsStaps,White,0.455,not defaulted,unemployed,0,licensed,ByBirth,200,0,-
male,37.17,4,married,customer,Energy,Asian,5,not defaulted,unemployed,0,licensed,ByOtherMeans,280,0,-
male,28.46,0.375,married,customer,Real Estate,White,0.875,not defaulted,unemployed,0,licensed,ByOtherMeans,928,0,-
male,25.67,2.21,unmarried,non customer,ConsStaps,White,4,not defaulted,unemployed,0,unlicensed,ByBirth,188,0,-
male,34,4.5,married,customer,ConsStaps,White,1,not defaulted,unemployed,0,licensed,ByBirth,240,0,-
female,49,1.5,married,customer,Research,Other,0,not defaulted,unemployed,0,licensed,ByBirth,100,27,-
male,62.5,12.75,unmarried,non customer,Energy,Black,5,not defaulted,unemployed,0,unlicensed,ByBirth,112,0,-
male,31.42,15.5,married,customer,Energy,White,0.5,not defaulted,unemployed,0,unlicensed,ByBirth,120,0,-
male,28.46,5,unmarried,non customer,ConsStaps,White,8.5,not defaulted,unemployed,0,unlicensed,ByBirth,0,0,-
male,52.33,1.375,unmarried,non customer,Energy,Black,9.46,not defaulted,unemployed,0,licensed,ByBirth,200,100,-
male,28.75,1.5,unmarried,non customer,Energy,White,1.5,not defaulted,unemployed,0,licensed,ByBirth,0,225,-
female,28.58,3.54,married,customer,ConsDisc,Asian,0.5,not defaulted,unemployed,0,licensed,ByBirth,171,0,-
male,23,0.625,unmarried,non customer,ConsStaps,White,0.125,not defaulted,unemployed,0,unlicensed,ByBirth,180,1,-
male,28.46,0.5,married,customer,Energy,Asian,0.835,not defaulted,unemployed,0,licensed,ByOtherMeans,320,0,-
female,22.5,11,unmarried,non customer,Materials,White,3,not defaulted,unemployed,0,licensed,ByBirth,268,0,-
female,28.5,1,married,customer,Materials,White,1,not defaulted,employed,2,licensed,ByBirth,167,500,-
male,37.5,1.75,unmarried,non customer,Energy,Asian,0.25,not defaulted,unemployed,0,licensed,ByBirth,164,400,-
male,35.25,16.5,unmarried,non customer,Energy,White,4,not defaulted,unemployed,0,unlicensed,ByBirth,80,0,-
male,18.67,5,married,customer,Materials,White,0.375,not defaulted,employed,2,unlicensed,ByBirth,0,38,-
male,25,12,married,customer,Financials,White,2.25,not defaulted,employed,2,licensed,ByBirth,120,5,-
male,27.83,4,unmarried,non customer,ConsDisc,Black,5.75,not defaulted,employed,2,licensed,ByBirth,75,0,-
male,54.83,15.5,married,customer,Education,Other,0,not defaulted,employed,20,unlicensed,ByBirth,152,130,-
male,28.75,1.165,married,customer,Financials,White,0.5,not defaulted,unemployed,0,unlicensed,ByOtherMeans,280,0,-
female,25,11,unmarried,non customer,ConsStaps,White,4.5,not defaulted,unemployed,0,unlicensed,ByBirth,120,0,-
male,40.92,2.25,unmarried,non customer,Utilities,Black,10,not defaulted,unemployed,0,licensed,ByBirth,176,0,-
female,19.75,0.75,married,customer,Energy,White,0.795,not defaulted,employed,5,licensed,ByBirth,140,5,-
male,29.17,3.5,married,customer,Industrials,White,3.5,not defaulted,employed,3,licensed,ByBirth,329,0,-
female,24.5,1.04,unmarried,non customer,Healthcare,Latino,0.5,not defaulted,employed,3,unlicensed,ByBirth,180,147,-
male,24.58,12.5,married,customer,Industrials,White,0.875,not defaulted,unemployed,0,licensed,ByBirth,260,0,-
female,33.75,0.75,married,customer,Financials,Asian,1,not defaulted,employed,3,licensed,ByBirth,212,0,-
male,20.67,1.25,unmarried,non customer,Energy,Black,1.375,not defaulted,employed,3,licensed,ByBirth,140,210,-
female,25.42,1.125,married,customer,Materials,White,1.29,not defaulted,employed,2,unlicensed,ByBirth,200,0,-
male,37.75,7,married,customer,Materials,Black,11.5,not defaulted,employed,7,licensed,ByBirth,300,5,-
male,52.5,6.5,married,customer,Financials,White,6.29,not defaulted,employed,15,unlicensed,ByBirth,0,11202,+
male,57.83,7.04,married,customer,CommServ,White,14,not defaulted,employed,6,licensed,ByBirth,360,1332,+
female,20.75,10.335,married,customer,IT,Black,0.335,not defaulted,employed,1,licensed,ByBirth,80,50,+
male,39.92,6.21,married,customer,Materials,White,0.04,not defaulted,employed,1,unlicensed,ByBirth,200,300,+
male,25.67,12.5,married,customer,IT,White,1.21,not defaulted,employed,67,licensed,ByBirth,140,258,+
female,24.75,12.5,married,customer,ConsStaps,White,1.5,not defaulted,employed,12,licensed,ByBirth,120,567,+
female,44.17,6.665,married,customer,Materials,White,7.375,not defaulted,employed,3,licensed,ByBirth,0,0,+
female,23.5,9,married,customer,Materials,White,8.5,not defaulted,employed,5,licensed,ByBirth,120,0,+
male,34.92,5,married,customer,Utilities,Black,7.5,not defaulted,employed,6,licensed,ByBirth,0,1000,+
male,47.67,2.5,married,customer,CommServ,Asian,2.5,not defaulted,employed,12,licensed,ByBirth,410,2510,+
male,22.75,11,married,customer,Materials,White,2.5,not defaulted,employed,7,licensed,ByBirth,100,809,+
male,34.42,4.25,married,customer,ConsDisc,Asian,3.25,not defaulted,employed,2,unlicensed,ByBirth,274,610,+
female,28.42,3.5,married,customer,Industrials,White,0.835,not defaulted,unemployed,0,unlicensed,ByOtherMeans,280,0,+
male,67.75,5.5,married,customer,Education,Other,13,not defaulted,employed,1,licensed,ByBirth,0,0,+
male,20.42,1.835,married,customer,Energy,White,2.25,not defaulted,employed,1,unlicensed,ByBirth,100,150,+
female,47.42,8,married,customer,Education,Asian,6.5,not defaulted,employed,6,unlicensed,ByBirth,375,51100,+
male,36.25,5,married,customer,Energy,Asian,2.5,not defaulted,employed,6,unlicensed,ByBirth,0,367,+
male,32.67,5.5,married,customer,Materials,Black,5.5,not defaulted,employed,12,licensed,ByBirth,408,1000,+
male,48.58,6.5,married,customer,Materials,Black,6,not defaulted,unemployed,0,licensed,ByBirth,350,0,+
male,39.92,0.54,unmarried,non customer,ConsStaps,White,0.5,not defaulted,employed,3,unlicensed,ByBirth,200,1000,+
male,33.58,2.75,married,customer,CommServ,White,4.25,not defaulted,employed,6,unlicensed,ByBirth,204,0,+
female,18.83,9.5,married,customer,Industrials,White,1.625,not defaulted,employed,6,licensed,ByBirth,40,600,+
female,26.92,13.5,married,customer,Materials,Black,5,not defaulted,employed,2,unlicensed,ByBirth,0,5000,+
female,31.25,3.75,married,customer,IT,Black,0.625,not defaulted,employed,9,licensed,ByBirth,181,0,+
female,56.5,16,married,customer,Research,Latino,0,not defaulted,employed,15,unlicensed,ByBirth,0,247,+
male,43,0.29,unmarried,non customer,IT,Black,1.75,not defaulted,employed,8,unlicensed,ByBirth,100,375,+
male,22.33,11,married,customer,Industrials,White,2,not defaulted,employed,1,unlicensed,ByBirth,80,278,+
male,27.25,1.665,married,customer,IT,Black,5.085,not defaulted,employed,9,unlicensed,ByBirth,399,827,+
male,32.83,2.5,married,customer,IT,Black,2.75,not defaulted,employed,6,unlicensed,ByBirth,160,2072,+
male,23.25,1.5,married,customer,Materials,White,2.375,not defaulted,employed,3,licensed,ByBirth,0,582,+
female,40.33,7.54,unmarried,non customer,Materials,Black,8,not defaulted,employed,14,unlicensed,ByBirth,0,2300,+
female,30.5,6.5,married,customer,Energy,Asian,4,not defaulted,employed,7,licensed,ByBirth,0,3065,+
female,52.83,15,married,customer,Energy,White,5.5,not defaulted,employed,14,unlicensed,ByBirth,0,2200,+
female,46.67,0.46,married,customer,IT,Black,0.415,not defaulted,employed,11,licensed,ByBirth,440,6,+
female,58.33,10,married,customer,Materials,White,4,not defaulted,employed,14,unlicensed,ByBirth,0,1602,+
male,37.33,6.5,married,customer,CommServ,Black,4.25,not defaulted,employed,12,licensed,ByBirth,93,0,+
male,23.08,2.5,married,customer,Energy,White,1.085,not defaulted,employed,11,licensed,ByBirth,60,2184,+
male,32.75,1.5,married,customer,IT,Black,5.5,not defaulted,employed,3,licensed,ByBirth,0,0,+
female,21.67,11.5,unmarried,non customer,Research,Other,0,not defaulted,employed,11,licensed,ByBirth,0,0,+
female,28.5,3.04,unmarried,non customer,Utilities,Black,2.54,not defaulted,employed,1,unlicensed,ByBirth,70,0,+
female,68.67,15,married,customer,Education,Other,0,not defaulted,employed,14,unlicensed,ByBirth,0,3376,+
male,28,2,married,customer,Financials,Black,4.165,not defaulted,employed,2,licensed,ByBirth,181,0,+
male,34.08,0.08,unmarried,non customer,CommServ,Asian,0.04,not defaulted,employed,1,licensed,ByBirth,280,2000,+
male,27.67,2,married,customer,Utilities,Black,1,not defaulted,employed,4,unlicensed,ByBirth,140,7544,+
male,44,2,married,customer,CommServ,White,1.75,not defaulted,employed,2,licensed,ByBirth,0,15,+
male,25.08,1.71,married,customer,Utilities,White,1.665,not defaulted,employed,1,licensed,ByBirth,395,20,+
male,32,1.75,unmarried,non customer,Education,Black,0.04,not defaulted,unemployed,0,licensed,ByBirth,393,0,+
female,60.58,16.5,married,customer,Materials,White,11,not defaulted,unemployed,0,licensed,ByBirth,21,10561,+
female,40.83,10,married,customer,Materials,Black,1.75,not defaulted,unemployed,0,unlicensed,ByBirth,29,837,+
male,19.33,9.5,married,customer,Materials,White,1,not defaulted,unemployed,0,licensed,ByBirth,60,400,+
female,32.33,0.54,married,customer,IT,White,0.04,not defaulted,unemployed,0,unlicensed,ByBirth,440,11177,+
male,36.67,3.25,married,customer,Materials,Black,9,not defaulted,unemployed,0,licensed,ByBirth,102,639,+
male,37.5,1.125,unmarried,non customer,Real Estate,White,1.5,defaulted,unemployed,0,licensed,ByBirth,431,0,+
female,25.08,2.54,unmarried,non customer,ConsStaps,White,0.25,not defaulted,unemployed,0,licensed,ByBirth,370,0,+
male,41.33,0,married,customer,Energy,Asian,15,not defaulted,unemployed,0,unlicensed,ByBirth,0,0,+
male,56,12.5,married,customer,Financials,Black,8,not defaulted,unemployed,0,licensed,ByBirth,24,2028,+
female,49.83,13.585,married,customer,Financials,Black,8.5,not defaulted,unemployed,0,licensed,ByBirth,0,0,+
male,22.67,10.5,married,customer,Materials,Black,1.335,not defaulted,unemployed,0,unlicensed,ByBirth,100,0,+
male,27,1.5,unmarried,non customer,Industrials,White,0.375,not defaulted,unemployed,0,licensed,ByBirth,260,1065,+
male,25,12.5,married,customer,ConsStaps,White,3,not defaulted,unemployed,0,licensed,ByOtherMeans,20,0,+
female,26.08,8.665,married,customer,ConsStaps,White,1.415,not defaulted,unemployed,0,unlicensed,ByBirth,160,150,+
female,18.42,9.25,married,customer,Materials,White,1.21,not defaulted,employed,4,unlicensed,ByBirth,60,540,+
male,20.17,8.17,married,customer,ConsStaps,White,1.96,not defaulted,employed,14,unlicensed,ByBirth,60,158,+
male,47.67,0.29,married,customer,Energy,Asian,15,not defaulted,employed,20,unlicensed,ByBirth,0,15000,+
female,21.25,2.335,married,customer,ConsDisc,Asian,0.5,not defaulted,employed,4,unlicensed,ByOtherMeans,80,0,+
female,20.67,3,married,customer,Materials,White,0.165,not defaulted,employed,3,unlicensed,ByBirth,100,6,+
female,57.08,19.5,married,customer,Energy,White,5.5,not defaulted,employed,7,unlicensed,ByBirth,0,3000,+
female,22.42,5.665,married,customer,Materials,White,2.585,not defaulted,employed,7,unlicensed,ByBirth,129,3257,+
male,48.75,8.5,married,customer,Energy,Black,12.5,not defaulted,employed,9,unlicensed,ByBirth,181,1655,+
male,40,6.5,married,customer,ConsStaps,Asian,3.5,not defaulted,employed,1,unlicensed,ByBirth,0,500,+
male,40.58,5,married,customer,Energy,White,5,not defaulted,employed,7,unlicensed,ByBirth,0,3065,+
female,28.67,1.04,married,customer,Energy,White,2.5,not defaulted,employed,5,licensed,ByBirth,300,1430,+
female,33.08,4.625,married,customer,Materials,Black,1.625,not defaulted,employed,2,unlicensed,ByBirth,0,0,+
male,21.33,10.5,married,customer,Energy,White,3,not defaulted,unemployed,0,licensed,ByBirth,0,0,+
male,42,0.205,married,customer,ConsDisc,Black,5.125,not defaulted,unemployed,0,unlicensed,ByBirth,400,0,+
male,41.75,0.96,married,customer,Utilities,White,2.5,not defaulted,unemployed,0,unlicensed,ByBirth,510,600,+
male,22.67,1.585,unmarried,non customer,Industrials,White,3.085,not defaulted,employed,6,unlicensed,ByBirth,80,0,+
male,34.5,4.04,unmarried,non customer,ConsDisc,Asian,8.5,not defaulted,employed,7,licensed,ByBirth,195,0,+
male,28.25,5.04,unmarried,non customer,Energy,Asian,1.5,not defaulted,employed,8,licensed,ByBirth,144,7,+
male,33.17,3.165,unmarried,non customer,Utilities,White,3.165,not defaulted,employed,3,licensed,ByBirth,380,0,+
male,48.17,7.625,married,customer,Industrials,Black,15.5,not defaulted,employed,12,unlicensed,ByBirth,0,790,+
male,27.58,2.04,unmarried,non customer,ConsStaps,White,2,not defaulted,employed,3,licensed,ByBirth,370,560,+
male,22.58,10.04,married,customer,Utilities,White,0.04,not defaulted,employed,9,unlicensed,ByBirth,60,396,+
female,24.08,0.5,married,customer,Materials,Black,1.25,not defaulted,employed,1,unlicensed,ByBirth,0,678,+
female,41.33,1,married,customer,ConsDisc,Asian,2.25,not defaulted,unemployed,0,licensed,ByBirth,0,300,+
male,24.83,2.75,married,customer,Energy,White,2.25,not defaulted,employed,6,unlicensed,ByBirth,0,600,+
female,20.75,10.25,married,customer,Materials,White,0.71,not defaulted,employed,2,licensed,ByBirth,49,0,+
male,36.33,2.125,unmarried,non customer,Industrials,White,0.085,not defaulted,employed,1,unlicensed,ByBirth,50,1187,+
female,35.42,12,married,customer,Materials,Black,14,not defaulted,employed,8,unlicensed,ByBirth,0,6590,+
female,71.58,0,married,customer,Energy,White,0,defaulted,unemployed,0,unlicensed,Temporary,0,0,+
male,28.67,9.335,married,customer,Materials,Black,5.665,not defaulted,employed,6,unlicensed,ByBirth,381,168,+
male,35.17,2.5,married,customer,Financials,White,4.5,not defaulted,employed,7,unlicensed,ByBirth,150,1270,+
male,39.5,4.25,married,customer,Energy,Asian,6.5,not defaulted,employed,16,unlicensed,ByBirth,117,1210,+
male,39.33,5.875,married,customer,IT,Black,10,not defaulted,employed,14,licensed,ByBirth,399,0,+
male,24.33,6.625,unmarried,non customer,Real Estate,White,5.5,not defaulted,unemployed,0,licensed,ByOtherMeans,100,0,+
male,60.08,14.5,married,customer,Healthcare,Latino,18,not defaulted,employed,15,licensed,ByBirth,0,1000,+
male,23.08,11.5,married,customer,ConsDisc,White,3.5,not defaulted,employed,9,unlicensed,ByBirth,56,742,+
male,26.67,2.71,unmarried,non customer,IT,White,5.25,not defaulted,employed,1,unlicensed,ByBirth,211,0,+
male,48.17,3.5,married,customer,ConsStaps,White,3.5,not defaulted,unemployed,0,unlicensed,ByOtherMeans,230,0,+
male,41.17,4.04,married,customer,IT,Black,7,not defaulted,employed,8,unlicensed,ByBirth,320,0,+
male,55.92,11.5,married,customer,Healthcare,Latino,5,not defaulted,employed,5,unlicensed,ByBirth,0,8851,+
male,53.92,9.625,married,customer,Education,White,8.665,not defaulted,employed,5,unlicensed,ByBirth,0,0,+
female,18.92,9.25,unmarried,non customer,Energy,White,1,not defaulted,employed,4,licensed,ByBirth,80,500,+
female,50.08,12.54,married,customer,ConsStaps,White,2.29,not defaulted,employed,3,licensed,ByBirth,156,0,+
male,65.42,11,married,customer,Education,Other,20,not defaulted,employed,7,licensed,ByBirth,22,0,+
female,17.58,9,married,customer,ConsStaps,White,1.375,not defaulted,unemployed,0,licensed,ByBirth,0,0,+
female,18.83,9.54,married,customer,ConsStaps,White,0.085,not defaulted,unemployed,0,unlicensed,ByBirth,100,0,+
female,37.75,5.5,married,customer,Materials,White,0.125,not defaulted,unemployed,0,licensed,ByBirth,228,0,+
male,23.25,4,married,customer,Energy,Asian,0.25,not defaulted,unemployed,0,licensed,ByBirth,160,0,+
male,18.08,5.5,married,customer,Financials,White,0.5,not defaulted,unemployed,0,unlicensed,ByBirth,80,0,+
female,22.5,8.46,unmarried,non customer,Utilities,White,2.46,defaulted,unemployed,0,unlicensed,ByBirth,164,0,+
male,19.67,0.375,married,customer,Materials,White,2,not defaulted,employed,2,licensed,ByBirth,80,0,+
male,22.08,11,married,customer,IT,White,0.665,not defaulted,unemployed,0,unlicensed,ByBirth,100,0,+
male,25.17,3.5,married,customer,IT,White,0.625,not defaulted,employed,7,unlicensed,ByBirth,0,7059,+
female,47.42,3,married,customer,Utilities,White,13.875,not defaulted,employed,2,licensed,ByBirth,519,1704,+
male,33.5,1.75,married,customer,Utilities,Black,4.5,not defaulted,employed,4,licensed,ByBirth,253,857,+
male,27.67,13.75,married,customer,Industrials,White,5.75,not defaulted,unemployed,0,licensed,ByBirth,487,500,+
female,58.42,21,married,customer,ConsDisc,Asian,10,not defaulted,employed,13,unlicensed,ByBirth,0,6700,+
female,20.67,1.835,married,customer,Materials,White,2.085,not defaulted,employed,5,unlicensed,ByBirth,220,2503,+
male,26.17,0.25,married,customer,ConsDisc,Asian,0,not defaulted,unemployed,0,licensed,ByBirth,0,0,+
male,21.33,7.5,married,customer,ConsStaps,White,1.415,not defaulted,employed,1,unlicensed,ByBirth,80,9800,+
male,42.83,4.625,married,customer,Materials,White,4.58,not defaulted,unemployed,0,unlicensed,ByOtherMeans,0,0,+
male,38.17,10.125,married,customer,Utilities,White,2.5,not defaulted,employed,6,unlicensed,ByBirth,520,196,+
male,20.5,10,unmarried,non customer,Energy,White,2.5,not defaulted,unemployed,0,unlicensed,ByOtherMeans,40,0,+
male,48.25,25.085,married,customer,Industrials,White,1.75,not defaulted,employed,3,unlicensed,ByBirth,120,14,+
male,28.33,5,married,customer,Industrials,White,11,not defaulted,unemployed,0,licensed,ByBirth,70,0,+
female,18.75,7.5,married,customer,Materials,White,2.71,not defaulted,employed,5,unlicensed,ByBirth,0,26726,+
male,18.5,2,married,customer,ConsDisc,White,1.5,not defaulted,employed,2,unlicensed,ByBirth,120,300,+
male,33.17,3.04,unmarried,non customer,Energy,Black,2.04,not defaulted,employed,1,licensed,ByBirth,180,18027,+
male,45,8.5,married,customer,IT,Black,14,not defaulted,employed,1,licensed,ByBirth,88,2000,+
female,19.67,0.21,married,customer,Materials,Black,0.29,not defaulted,employed,11,unlicensed,ByBirth,80,99,+
male,24.5,12.75,married,customer,Energy,Asian,4.75,not defaulted,employed,2,unlicensed,ByBirth,73,444,+
male,21.83,11,married,customer,Utilities,White,0.29,not defaulted,employed,6,unlicensed,ByBirth,121,0,+
male,40.25,21.5,married,customer,Education,Other,20,not defaulted,employed,11,unlicensed,ByBirth,0,1200,+
male,41.42,5,married,customer,Materials,Black,5,not defaulted,employed,6,licensed,ByBirth,470,0,+
female,17.83,11,married,customer,Utilities,Black,1,not defaulted,employed,11,unlicensed,ByBirth,0,3000,+
male,23.17,11.125,married,customer,Utilities,Black,0.46,not defaulted,employed,1,unlicensed,ByBirth,100,0,+
male,28.46,0.625,married,customer,Financials,White,0.25,defaulted,unemployed,0,unlicensed,ByBirth,380,2010,-
male,18.17,10.25,married,customer,Energy,Black,1.085,defaulted,unemployed,0,unlicensed,ByBirth,320,13,-
male,20,11.045,married,customer,Energy,White,2,defaulted,unemployed,0,licensed,ByBirth,136,0,-
male,20,0,married,customer,Real Estate,White,0.5,defaulted,unemployed,0,unlicensed,ByBirth,144,0,-
female,20.75,9.54,married,customer,ConsDisc,White,0.04,defaulted,unemployed,0,unlicensed,ByBirth,200,1000,-
female,24.5,1.75,unmarried,non customer,Energy,White,0.165,defaulted,unemployed,0,unlicensed,ByBirth,132,0,-
male,32.75,2.335,married,customer,Real Estate,Black,5.75,defaulted,unemployed,0,licensed,ByBirth,292,0,-
female,52.17,0,unmarried,non customer,Healthcare,Latino,0,defaulted,unemployed,0,unlicensed,ByBirth,0,0,-
female,48.17,1.335,married,customer,ConsDisc,Other,0.335,defaulted,unemployed,0,unlicensed,ByBirth,0,120,-
female,20.42,10.5,unmarried,non customer,Utilities,Black,0,defaulted,unemployed,0,licensed,ByBirth,154,32,-
male,50.75,0.585,married,customer,Healthcare,Latino,0,defaulted,unemployed,0,unlicensed,ByBirth,145,0,-
male,17.08,0.085,unmarried,non customer,Energy,White,0.04,defaulted,unemployed,0,unlicensed,ByBirth,140,722,-
male,18.33,1.21,unmarried,non customer,Education,Other,0,defaulted,unemployed,0,unlicensed,ByBirth,100,0,-
female,32,6,married,customer,Real Estate,White,1.25,defaulted,unemployed,0,unlicensed,ByBirth,272,0,-
male,59.67,1.54,married,customer,Materials,White,0.125,not defaulted,unemployed,0,licensed,ByBirth,260,0,+
male,18,0.165,married,customer,Materials,Other,0.21,defaulted,unemployed,0,unlicensed,ByBirth,200,40,+
male,37.58,0,married,customer,Energy,White,0,defaulted,unemployed,0,unlicensed,Temporary,0,0,+
male,32.33,2.5,married,customer,Energy,White,1.25,defaulted,unemployed,0,licensed,ByBirth,280,0,-
male,18.08,6.75,unmarried,non customer,CommServ,White,0.04,defaulted,unemployed,0,unlicensed,ByBirth,140,0,-
male,38.25,10.125,unmarried,non customer,Financials,White,0.125,defaulted,unemployed,0,unlicensed,ByBirth,160,0,-
male,30.67,2.5,married,customer,IT,Black,2.25,defaulted,unemployed,0,licensed,ByOtherMeans,340,0,-
male,18.58,5.71,married,customer,Real Estate,White,0.54,defaulted,unemployed,0,unlicensed,ByBirth,120,0,-
female,19.17,5.415,married,customer,ConsDisc,Black,0.29,defaulted,unemployed,0,unlicensed,ByBirth,80,484,-
female,18.17,10,unmarried,non customer,Materials,Black,0.165,defaulted,unemployed,0,unlicensed,ByBirth,340,0,-
male,24.58,13.5,unmarried,non customer,Healthcare,Latino,0,defaulted,unemployed,0,unlicensed,ByBirth,0,0,-
male,16.25,0.835,married,customer,CommServ,White,0.085,not defaulted,unemployed,0,unlicensed,ByOtherMeans,200,0,-
male,21.17,0.875,unmarried,non customer,Energy,Black,0.25,defaulted,unemployed,0,unlicensed,ByBirth,280,204,-
male,23.92,0.585,unmarried,non customer,IT,Black,0.125,defaulted,unemployed,0,unlicensed,ByBirth,240,1,-
male,17.67,4.46,married,customer,Energy,White,0.25,defaulted,unemployed,0,unlicensed,ByOtherMeans,80,0,-
female,16.5,1.25,married,customer,Materials,White,0.25,defaulted,employed,1,unlicensed,ByBirth,108,98,-
male,23.25,12.625,married,customer,Energy,White,0.125,defaulted,employed,2,unlicensed,ByBirth,0,5552,-
male,17.58,10,married,customer,Industrials,Black,0.165,defaulted,employed,1,unlicensed,ByBirth,120,1,-
female,28.46,1.5,married,customer,Healthcare,Latino,0,defaulted,employed,2,licensed,ByBirth,200,105,-
male,29.5,0.58,married,customer,Industrials,White,0.29,defaulted,employed,1,unlicensed,ByBirth,340,2803,-
male,18.83,0.415,unmarried,non customer,Energy,White,0.165,defaulted,employed,1,unlicensed,ByBirth,200,1,-
female,21.75,1.75,unmarried,non customer,Research,Other,0,defaulted,unemployed,0,unlicensed,ByBirth,160,0,-
male,23,0.75,married,customer,CommServ,White,0.5,defaulted,unemployed,0,licensed,ByOtherMeans,320,0,-
female,18.25,10,married,customer,Industrials,White,1,defaulted,employed,1,unlicensed,ByBirth,120,1,-
male,25.42,0.54,married,customer,Industrials,White,0.165,defaulted,employed,1,unlicensed,ByBirth,272,444,-
male,35.75,2.415,married,customer,Industrials,White,0.125,defaulted,employed,2,unlicensed,ByBirth,220,1,-
female,16.08,0.335,married,customer,Healthcare,Latino,0,defaulted,employed,1,unlicensed,ByBirth,160,126,-
female,31.92,3.125,married,customer,Healthcare,Latino,3.04,defaulted,employed,2,licensed,ByBirth,200,4,-
male,69.17,9,married,customer,Healthcare,Latino,4,defaulted,employed,1,unlicensed,ByBirth,70,6,-
male,32.92,2.5,married,customer,ConsStaps,White,1.75,defaulted,employed,2,licensed,ByBirth,720,0,-
male,16.33,2.75,married,customer,ConsStaps,White,0.665,defaulted,employed,1,unlicensed,ByBirth,80,21,-
male,22.17,12.125,married,customer,Energy,White,3.335,defaulted,employed,2,licensed,ByBirth,180,173,-
female,57.58,2,married,customer,Healthcare,Latino,6.5,defaulted,employed,1,unlicensed,ByBirth,0,10,-
male,18.25,0.165,married,customer,Real Estate,White,0.25,defaulted,unemployed,0,licensed,ByOtherMeans,280,0,-
male,23.42,1,married,customer,Energy,White,0.5,defaulted,unemployed,0,licensed,ByOtherMeans,280,0,-
female,15.92,2.875,married,customer,Materials,White,0.085,defaulted,unemployed,0,unlicensed,ByBirth,120,0,-
female,24.75,13.665,married,customer,Materials,Black,1.5,defaulted,unemployed,0,unlicensed,ByBirth,280,1,-
male,48.75,26.335,unmarried,non customer,Healthcare,Latino,0,not defaulted,unemployed,0,licensed,ByBirth,0,0,-
male,23.5,2.75,married,customer,Healthcare,Latino,4.5,defaulted,unemployed,0,unlicensed,ByBirth,160,25,-
male,18.58,10.29,married,customer,Healthcare,Latino,0.415,defaulted,unemployed,0,unlicensed,ByBirth,80,0,-
male,27.75,1.29,married,customer,Financials,Black,0.25,defaulted,unemployed,0,licensed,ByOtherMeans,140,0,-
female,31.75,3,unmarried,non customer,Research,Other,0,defaulted,unemployed,0,unlicensed,ByBirth,160,20,-
female,24.83,4.5,married,customer,Industrials,White,1,defaulted,unemployed,0,licensed,ByBirth,360,6,-
male,19,1.75,unmarried,non customer,Energy,White,2.335,defaulted,unemployed,0,licensed,ByBirth,112,6,-
female,16.33,0.21,married,customer,ConsStaps,White,0.125,defaulted,unemployed,0,unlicensed,ByBirth,200,1,-
female,18.58,10,married,customer,Real Estate,White,0.415,defaulted,unemployed,0,unlicensed,ByBirth,80,42,-
male,16.25,0,unmarried,non customer,ConsStaps,White,0.25,defaulted,unemployed,0,unlicensed,ByBirth,60,0,-
male,23,0.75,married,customer,CommServ,White,0.5,not defaulted,unemployed,0,licensed,ByOtherMeans,320,0,-
male,21.17,0.25,unmarried,non customer,Energy,Black,0.25,defaulted,unemployed,0,unlicensed,ByBirth,280,204,-
male,17.5,22,unmarried,customer,Healthcare,Other,0,defaulted,unemployed,0,licensed,Temporary,450,100000,+
male,19.17,0,unmarried,non customer,CommServ,Asian,0,defaulted,unemployed,0,licensed,ByOtherMeans,500,1,+
male,36.75,0.125,unmarried,non customer,Energy,White,1.5,defaulted,unemployed,0,licensed,ByBirth,232,113,+
male,21.25,1.5,married,customer,Industrials,White,1.5,defaulted,unemployed,0,unlicensed,ByBirth,150,8,+
female,18.08,0.375,unmarried,customer,IT,Latino,10,defaulted,unemployed,0,licensed,ByOtherMeans,300,0,+
female,33.67,0.375,married,customer,IT,White,0.375,defaulted,unemployed,0,unlicensed,ByBirth,300,44,+
male,48.58,0.205,unmarried,non customer,Financials,White,0.25,not defaulted,employed,11,unlicensed,ByBirth,380,2732,+
male,33.67,1.25,married,customer,Industrials,White,1.165,defaulted,unemployed,0,unlicensed,ByBirth,120,0,-
female,29.5,1.085,unmarried,non customer,Utilities,White,1,defaulted,unemployed,0,unlicensed,ByBirth,280,13,-
male,30.17,1.085,unmarried,non customer,Energy,White,0.04,defaulted,unemployed,0,unlicensed,ByBirth,170,179,-
male,40.83,3.5,married,customer,ConsDisc,Asian,0.5,defaulted,unemployed,0,unlicensed,ByOtherMeans,1160,0,-
male,34.83,2.5,unmarried,non customer,Industrials,White,3,defaulted,unemployed,0,unlicensed,ByOtherMeans,200,0,-
male,28.46,4,unmarried,non customer,ConsDisc,White,0.085,defaulted,unemployed,0,licensed,ByBirth,411,0,-
male,20.42,0,married,customer,Energy,White,0,defaulted,unemployed,0,unlicensed,Temporary,0,0,-
female,33.25,2.5,unmarried,non customer,Energy,White,2.5,defaulted,unemployed,0,licensed,ByBirth,0,2,-
male,34.08,2.5,married,customer,Energy,White,1,defaulted,unemployed,0,unlicensed,ByBirth,460,16,-
female,25.25,12.5,married,customer,Real Estate,White,1,defaulted,unemployed,0,licensed,ByBirth,180,1062,-
male,34.75,2.5,married,customer,IT,Asian,0.5,defaulted,unemployed,0,unlicensed,ByBirth,348,0,-
male,27.67,0.75,married,customer,Materials,Black,0.165,defaulted,unemployed,0,licensed,ByBirth,220,251,-
male,47.33,6.5,married,customer,Energy,White,1,defaulted,unemployed,0,licensed,ByBirth,0,228,-
female,34.83,1.25,unmarried,non customer,ConsDisc,Black,0.5,defaulted,unemployed,0,licensed,ByBirth,160,0,-
female,33.25,3,unmarried,non customer,ConsStaps,White,2,defaulted,unemployed,0,unlicensed,ByBirth,180,0,-
male,28,3,married,customer,Industrials,White,0.75,defaulted,unemployed,0,licensed,ByBirth,300,67,-
female,39.08,4,married,customer,Energy,White,3,defaulted,unemployed,0,unlicensed,ByBirth,480,0,-
male,42.75,4.085,married,customer,ConsStaps,White,0.04,defaulted,unemployed,0,unlicensed,ByBirth,108,100,-
male,26.92,2.25,married,customer,ConsDisc,Asian,0.5,defaulted,unemployed,0,licensed,ByBirth,640,4000,-
male,33.75,2.75,married,customer,ConsDisc,Asian,0,defaulted,unemployed,0,unlicensed,ByBirth,180,0,-
male,38.92,1.75,married,customer,Financials,White,0.5,defaulted,unemployed,0,licensed,ByBirth,300,2,-
male,62.75,7,married,customer,Education,Other,0,defaulted,unemployed,0,unlicensed,ByBirth,0,12,-
male,32.25,1.5,married,customer,Energy,White,0.25,defaulted,unemployed,0,licensed,ByBirth,372,122,-
male,26.75,4.5,unmarried,non customer,Energy,Asian,2.5,defaulted,unemployed,0,unlicensed,ByBirth,200,1210,-
male,63.33,0.54,married,customer,Energy,White,0.585,not defaulted,employed,3,licensed,ByBirth,180,0,-
male,27.83,1.5,married,customer,Industrials,White,2.25,defaulted,employed,1,licensed,ByBirth,100,3,-
female,26.17,2,married,customer,Research,Other,0,defaulted,unemployed,0,licensed,ByBirth,276,1,-
male,22.17,0.585,unmarried,non customer,Healthcare,Latino,0,defaulted,unemployed,0,unlicensed,ByBirth,100,0,-
male,22.5,11.5,unmarried,non customer,CommServ,White,1.5,defaulted,unemployed,0,licensed,ByBirth,0,4000,-
male,30.75,1.585,married,customer,Real Estate,White,0.585,defaulted,unemployed,0,licensed,ByOtherMeans,0,0,-
male,36.67,2,married,customer,ConsDisc,White,0.25,defaulted,unemployed,0,licensed,ByBirth,221,0,-
female,16,0.165,married,customer,ConsStaps,White,1,defaulted,employed,2,licensed,ByBirth,320,1,-
male,41.17,1.335,married,customer,Real Estate,White,0.165,defaulted,unemployed,0,unlicensed,ByBirth,168,0,-
female,19.5,0.165,married,customer,Materials,White,0.04,defaulted,unemployed,0,licensed,ByBirth,380,0,-
male,32.42,3,married,customer,Real Estate,White,0.165,defaulted,unemployed,0,licensed,ByBirth,120,0,-
female,36.75,4.71,married,customer,Healthcare,Latino,0,defaulted,unemployed,0,unlicensed,ByBirth,160,0,-
female,30.25,5.5,married,customer,Financials,White,5.5,defaulted,unemployed,0,licensed,ByOtherMeans,100,0,-
male,23.08,2.5,married,customer,Healthcare,Latino,0.085,defaulted,unemployed,0,licensed,ByBirth,100,4208,-
male,26.83,0.54,married,customer,Financials,Latino,0,defaulted,unemployed,0,unlicensed,ByBirth,100,0,-
male,16.92,0.335,unmarried,non customer,Financials,White,0.29,defaulted,unemployed,0,unlicensed,ByOtherMeans,200,0,-
male,24.42,2,married,customer,Education,Other,0.165,defaulted,employed,2,unlicensed,ByBirth,320,1300,-
male,42.83,1.25,married,customer,CommServ,White,13.875,defaulted,employed,1,licensed,ByBirth,352,112,-
female,22.75,6.165,married,customer,ConsStaps,White,0.165,defaulted,unemployed,0,unlicensed,ByBirth,220,1000,-
male,39.42,1.71,unmarried,non customer,CommServ,White,0.165,defaulted,unemployed,0,unlicensed,ByOtherMeans,400,0,-
female,23.58,11.5,unmarried,non customer,Financials,Black,3,defaulted,unemployed,0,licensed,ByBirth,20,16,-
male,21.42,0.75,unmarried,non customer,Transport,Other,0.75,defaulted,unemployed,0,licensed,ByBirth,132,2,-
male,33,2.5,unmarried,non customer,Industrials,White,7,defaulted,unemployed,0,licensed,ByBirth,280,0,-
male,26.33,13,married,customer,Education,Other,0,defaulted,unemployed,0,licensed,ByBirth,140,1110,-
female,45,4.585,married,customer,Financials,Black,1,defaulted,unemployed,0,licensed,ByOtherMeans,240,0,-
male,26.25,1.54,married,customer,Industrials,White,0.125,defaulted,unemployed,0,unlicensed,ByBirth,100,0,-
male,28.17,0.585,married,customer,ConsStaps,White,0.04,defaulted,unemployed,0,unlicensed,ByBirth,260,1004,-
female,20.83,0.5,unmarried,non customer,Education,Other,1,defaulted,unemployed,0,unlicensed,ByBirth,260,0,-
male,28.67,14.5,married,customer,Real Estate,White,0.125,defaulted,unemployed,0,unlicensed,ByBirth,0,286,-
male,20.67,0.835,unmarried,non customer,Energy,White,2,defaulted,unemployed,0,licensed,ByOtherMeans,240,0,-
male,34.42,1.335,married,customer,ConsDisc,Asian,0.125,defaulted,unemployed,0,licensed,ByBirth,440,4500,-
male,33.58,0.25,married,customer,ConsDisc,Asian,4,defaulted,unemployed,0,licensed,ByOtherMeans,420,0,-
male,43.17,5,married,customer,ConsDisc,Asian,2.25,defaulted,unemployed,0,licensed,ByBirth,141,0,-
female,22.67,7,married,customer,Energy,White,0.165,defaulted,unemployed,0,unlicensed,ByBirth,160,0,-
female,24.33,2.5,unmarried,non customer,ConsDisc,Asian,4.5,defaulted,unemployed,0,unlicensed,ByBirth,200,456,-
female,56.83,4.25,unmarried,non customer,Healthcare,Latino,5,defaulted,unemployed,0,licensed,ByBirth,0,4,-
male,22.08,11.46,married,customer,Financials,White,1.585,defaulted,unemployed,0,licensed,ByBirth,100,1212,-
male,34,5.5,unmarried,non customer,Energy,White,1.5,defaulted,unemployed,0,licensed,ByBirth,60,0,-
male,22.58,1.5,unmarried,non customer,ConsStaps,White,0.54,defaulted,unemployed,0,licensed,ByBirth,120,67,-
male,21.17,0,married,customer,Energy,White,0.5,defaulted,unemployed,0,licensed,ByOtherMeans,0,0,-
male,26.67,14.585,married,customer,ConsDisc,Asian,0,defaulted,unemployed,0,licensed,ByBirth,178,0,-
male,22.92,0.17,married,customer,CommServ,White,0.085,defaulted,unemployed,0,unlicensed,ByOtherMeans,0,0,-
male,15.17,7,married,customer,Education,White,1,defaulted,unemployed,0,unlicensed,ByBirth,600,0,-
male,39.92,5,married,customer,ConsDisc,Asian,0.21,defaulted,unemployed,0,unlicensed,ByBirth,550,0,-
male,27.42,12.5,married,customer,ConsStaps,Asian,0.25,defaulted,unemployed,0,licensed,ByBirth,720,0,-
male,24.75,0.54,married,customer,CommServ,White,1,defaulted,unemployed,0,licensed,ByBirth,120,1,-
male,41.17,1.25,unmarried,non customer,Industrials,White,0.25,defaulted,unemployed,0,unlicensed,ByBirth,0,195,-
female,33.08,1.625,married,customer,Real Estate,White,0.54,defaulted,unemployed,0,licensed,ByBirth,0,0,-
male,29.83,2.04,unmarried,non customer,Utilities,Black,0.04,defaulted,unemployed,0,unlicensed,ByBirth,128,1,-
female,23.58,0.585,unmarried,non customer,Healthcare,Latino,0.125,defaulted,unemployed,0,unlicensed,ByBirth,120,87,-
male,26.17,12.5,unmarried,non customer,Financials,Black,1.25,defaulted,unemployed,0,licensed,ByBirth,0,17,-
male,31,2.085,married,customer,Energy,White,0.085,defaulted,unemployed,0,unlicensed,ByBirth,300,0,-
male,20.75,5.085,unmarried,non customer,Research,White,0.29,defaulted,unemployed,0,unlicensed,ByBirth,140,184,-
male,28.92,0.375,married,customer,Energy,White,0.29,defaulted,unemployed,0,unlicensed,ByBirth,220,140,-
female,51.92,6.5,married,customer,ConsDisc,Asian,3.085,defaulted,unemployed,0,licensed,ByBirth,73,0,-
female,22.67,0.335,married,customer,Materials,White,0.75,defaulted,unemployed,0,unlicensed,ByOtherMeans,160,0,-
male,34,5.085,unmarried,non customer,ConsDisc,Asian,1.085,defaulted,unemployed,0,licensed,ByBirth,480,0,-
female,69.5,6,married,customer,Healthcare,Latino,0,defaulted,unemployed,0,unlicensed,ByOtherMeans,0,0,-
female,40.33,8.125,unmarried,non customer,Financials,White,0.165,defaulted,employed,2,unlicensed,ByBirth,0,18,-
female,19.58,0.665,unmarried,non customer,Energy,White,1,defaulted,employed,1,unlicensed,ByBirth,2000,2,-
male,16,3.125,married,customer,Industrials,White,0.085,defaulted,employed,1,unlicensed,ByBirth,0,6,-
male,17.08,0.25,married,customer,Materials,White,0.335,defaulted,employed,4,unlicensed,ByBirth,160,8,-
male,31.25,2.835,married,customer,Healthcare,Latino,0,defaulted,employed,5,unlicensed,ByBirth,176,146,-
male,25.17,3,married,customer,Energy,White,1.25,defaulted,employed,1,unlicensed,ByBirth,0,22,-
female,22.67,0.79,married,customer,ConsDisc,White,0.085,defaulted,unemployed,0,unlicensed,ByBirth,144,0,-
male,40.58,1.5,married,customer,ConsDisc,Asian,0,defaulted,unemployed,0,unlicensed,ByOtherMeans,300,0,-
male,22.25,0.46,married,customer,Financials,White,0.125,defaulted,unemployed,0,licensed,ByBirth,280,55,-
female,22.25,1.25,unmarried,non customer,Healthcare,Latino,3.25,defaulted,unemployed,0,unlicensed,ByBirth,280,0,-
male,22.5,0.125,unmarried,non customer,Financials,White,0.125,defaulted,unemployed,0,unlicensed,ByBirth,200,70,-
male,23.58,1.79,married,customer,Energy,White,0.54,defaulted,unemployed,0,licensed,ByBirth,136,1,-
male,38.42,0.705,married,customer,Energy,White,0.375,defaulted,employed,2,unlicensed,ByBirth,225,500,-
female,26.58,2.54,unmarried,non customer,Healthcare,Latino,0,defaulted,unemployed,0,licensed,ByBirth,180,60,-
male,35,2.5,married,customer,ConsDisc,White,1,defaulted,unemployed,0,licensed,ByBirth,210,0,-
male,20.42,1.085,married,customer,Materials,White,1.5,defaulted,unemployed,0,unlicensed,ByBirth,108,7,-
male,29.42,1.25,married,customer,Industrials,White,1.75,defaulted,unemployed,0,unlicensed,ByBirth,200,0,-
male,26.17,0.835,married,customer,IT,White,1.165,defaulted,unemployed,0,unlicensed,ByBirth,100,0,-
male,33.67,2.165,married,customer,Energy,White,1.5,defaulted,unemployed,0,unlicensed,Temporary,120,0,-
male,24.58,1.25,married,customer,Energy,White,0.25,defaulted,unemployed,0,unlicensed,ByBirth,110,0,-
female,27.67,2.04,married,customer,Industrials,White,0.25,defaulted,unemployed,0,licensed,ByBirth,180,50,-
male,37.5,0.835,married,customer,Education,White,0.04,defaulted,unemployed,0,unlicensed,ByBirth,120,5,-
male,49.17,2.29,married,customer,Healthcare,Latino,0.29,defaulted,unemployed,0,unlicensed,ByBirth,200,3,-
male,33.58,0.335,unmarried,non customer,IT,White,0.085,defaulted,unemployed,0,unlicensed,ByBirth,180,0,-
male,51.83,3,unmarried,non customer,Healthcare,Latino,1.5,defaulted,unemployed,0,unlicensed,ByBirth,180,4,-
male,22.92,3.165,unmarried,non customer,Energy,White,0.165,defaulted,unemployed,0,unlicensed,ByBirth,160,1058,-
male,21.83,1.54,married,customer,Financials,White,0.085,defaulted,unemployed,0,licensed,ByBirth,356,0,-
male,25.25,1,married,customer,ConsStaps,White,0.5,defaulted,unemployed,0,unlicensed,ByBirth,200,0,-
male,58.58,2.71,married,customer,Energy,White,2.415,defaulted,unemployed,0,licensed,ByBirth,320,0,-
male,19,0,unmarried,non customer,Healthcare,Latino,0,defaulted,employed,4,unlicensed,ByBirth,45,1,-
male,19.58,0.585,married,customer,Healthcare,Latino,0,defaulted,employed,3,unlicensed,ByBirth,350,769,-
female,53.33,0.165,married,customer,Healthcare,Latino,0,defaulted,unemployed,0,licensed,ByOtherMeans,62,27,-
female,27.17,1.25,married,customer,Healthcare,Latino,0,defaulted,employed,1,unlicensed,ByBirth,92,300,-
male,25.92,0.875,married,customer,Financials,White,0.375,defaulted,employed,2,licensed,ByBirth,174,3,-
male,23.08,0,married,customer,Financials,White,1,defaulted,employed,11,unlicensed,ByOtherMeans,0,0,-
male,39.58,5,married,customer,Healthcare,Latino,0,defaulted,employed,2,unlicensed,ByBirth,17,1,-
male,30.58,2.71,unmarried,non customer,CommServ,White,0.125,defaulted,unemployed,0,licensed,ByOtherMeans,80,0,-
male,17.25,3,married,customer,Financials,White,0.04,defaulted,unemployed,0,licensed,ByBirth,160,40,-
female,17.67,0,unmarried,non customer,Research,Latino,0,defaulted,unemployed,0,unlicensed,ByBirth,86,0,-
female,28.46,11.25,married,customer,Healthcare,Latino,0,defaulted,unemployed,0,unlicensed,ByBirth,0,5200,-
male,16.5,0.125,married,customer,Energy,White,0.165,defaulted,unemployed,0,unlicensed,ByBirth,132,0,-
female,27.33,1.665,married,customer,Healthcare,Latino,0,defaulted,unemployed,0,unlicensed,ByBirth,340,1,-
male,31.25,1.125,married,customer,Healthcare,Latino,0,defaulted,employed,1,unlicensed,ByBirth,96,19,-
male,20,7,married,customer,Energy,White,0.5,defaulted,unemployed,0,unlicensed,ByBirth,0,0,-
male,28.46,3,unmarried,non customer,ConsDisc,Asian,7,defaulted,unemployed,0,unlicensed,ByBirth,0,1,-
male,39.5,1.625,married,customer,Energy,White,1.5,defaulted,unemployed,0,unlicensed,ByBirth,0,316,-
male,36.5,4.25,married,customer,Materials,White,3.5,defaulted,unemployed,0,unlicensed,ByBirth,454,50,-
male,29.75,0.665,married,customer,Industrials,White,0.25,defaulted,unemployed,0,licensed,ByBirth,300,0,-
male,52.42,1.5,married,customer,Real Estate,White,3.75,defaulted,unemployed,0,licensed,ByBirth,0,350,-
male,36.17,18.125,married,customer,Industrials,White,0.085,defaulted,unemployed,0,unlicensed,ByBirth,320,3552,-
male,34.58,0,married,customer,Energy,White,0,defaulted,unemployed,0,unlicensed,Temporary,0,0,-
male,29.67,0.75,unmarried,non customer,Energy,White,0.04,defaulted,unemployed,0,unlicensed,ByBirth,240,0,-
male,36.17,5.5,married,customer,ConsDisc,Asian,5,defaulted,unemployed,0,unlicensed,ByBirth,210,687,-
male,25.67,0.29,unmarried,non customer,Energy,White,1.5,defaulted,unemployed,0,licensed,ByBirth,160,0,-
female,24.5,2.415,unmarried,non customer,Energy,White,0,defaulted,unemployed,0,unlicensed,ByBirth,120,0,-
male,24.08,0.875,married,customer,CommServ,White,0.085,defaulted,employed,4,unlicensed,ByBirth,254,1950,-
male,21.92,0.5,married,customer,Energy,White,0.125,defaulted,unemployed,0,unlicensed,ByBirth,360,0,-
female,36.58,0.29,married,customer,Healthcare,Latino,0,defaulted,employed,10,unlicensed,ByBirth,200,18,-
female,23,1.835,married,customer,Research,Other,0,defaulted,employed,1,unlicensed,ByBirth,200,53,-
female,27.58,3,married,customer,CommServ,White,2.79,defaulted,employed,1,licensed,ByBirth,280,10,-
male,31.08,3.085,married,customer,Energy,White,2.5,defaulted,employed,2,licensed,ByBirth,160,41,-
female,30.42,1.375,married,customer,Industrials,Black,0.04,defaulted,employed,3,unlicensed,ByBirth,0,33,-
male,22.08,2.335,married,customer,Financials,White,0.75,defaulted,unemployed,0,unlicensed,ByBirth,180,0,-
male,16.33,4.085,married,customer,ConsDisc,Black,0.415,defaulted,unemployed,0,licensed,ByBirth,120,0,-
female,21.92,11.665,married,customer,Financials,Black,0.085,defaulted,unemployed,0,unlicensed,ByBirth,320,5,-
male,21.08,4.125,unmarried,non customer,ConsDisc,Black,0.04,defaulted,unemployed,0,unlicensed,ByBirth,140,100,-
male,17.42,6.5,married,customer,ConsDisc,White,0.125,defaulted,unemployed,0,unlicensed,ByBirth,60,100,-
male,19.17,4,unmarried,non customer,ConsDisc,White,1,defaulted,unemployed,0,licensed,ByBirth,360,1000,-
male,20.67,0.415,married,customer,Energy,White,0.125,defaulted,unemployed,0,unlicensed,ByBirth,0,44,-
male,26.75,2,married,customer,Real Estate,White,0.75,defaulted,unemployed,0,licensed,ByBirth,80,0,-
male,23.58,0.835,married,customer,ConsDisc,Black,0.085,defaulted,unemployed,0,licensed,ByBirth,220,5,-
male,39.17,2.5,unmarried,non customer,ConsDisc,Black,10,defaulted,unemployed,0,licensed,ByOtherMeans,200,0,-
male,22.75,11.5,married,customer,ConsDisc,White,0.415,defaulted,unemployed,0,unlicensed,ByBirth,0,0,-
male,26.5,2.71,unmarried,non customer,Energy,White,0.085,defaulted,unemployed,0,unlicensed,ByOtherMeans,80,0,-
female,16.92,0.5,married,customer,ConsDisc,White,0.165,defaulted,employed,6,licensed,ByBirth,240,35,-
male,23.5,3.165,unmarried,non customer,Financials,White,0.415,defaulted,employed,1,licensed,ByBirth,280,80,-
female,17.33,9.5,married,customer,ConsStaps,White,1.75,defaulted,employed,10,licensed,ByBirth,0,10,-
male,23.75,0.415,unmarried,non customer,Energy,White,0.04,defaulted,employed,2,unlicensed,ByBirth,128,6,-
male,34.67,1.08,married,customer,CommServ,White,1.165,defaulted,unemployed,0,unlicensed,ByOtherMeans,28,0,-
male,74.83,19,unmarried,non customer,Healthcare,Latino,0.04,defaulted,employed,2,unlicensed,ByBirth,0,351,-
male,28.17,0.125,unmarried,non customer,Financials,White,0.085,defaulted,unemployed,0,unlicensed,ByBirth,216,2100,-
male,24.5,13.335,unmarried,non customer,ConsStaps,White,0.04,defaulted,unemployed,0,licensed,ByBirth,120,475,-
male,18.83,3.54,unmarried,non customer,Healthcare,Latino,0,defaulted,unemployed,0,licensed,ByBirth,180,1,-
male,45.33,1,married,customer,Materials,White,0.125,defaulted,unemployed,0,licensed,ByBirth,263,0,-
female,47.25,0.75,married,customer,Materials,Black,2.75,not defaulted,employed,1,unlicensed,ByBirth,333,892,+
male,24.17,0.875,married,customer,Materials,White,4.625,not defaulted,employed,2,licensed,ByBirth,520,2000,+
male,39.25,9.5,married,customer,CommServ,White,6.5,not defaulted,employed,14,unlicensed,ByBirth,240,4607,+
female,20.5,11.835,married,customer,Energy,Black,6,not defaulted,unemployed,0,unlicensed,ByBirth,340,0,+
female,18.83,4.415,unmarried,non customer,Energy,Black,3,not defaulted,unemployed,0,unlicensed,ByBirth,240,0,+
male,19.17,9.5,married,customer,Industrials,White,1.5,not defaulted,unemployed,0,unlicensed,ByBirth,120,2206,+
female,25,0.875,married,customer,Utilities,Black,1.04,not defaulted,unemployed,0,licensed,ByBirth,160,5860,+
male,20.17,9.25,married,customer,Energy,White,1.665,not defaulted,employed,3,licensed,ByBirth,40,28,+
male,25.75,0.5,married,customer,Energy,White,1.46,not defaulted,employed,5,licensed,ByBirth,312,0,+
male,20.42,7,married,customer,Energy,White,1.625,not defaulted,employed,3,unlicensed,ByBirth,200,1391,+
male,28.46,4,married,customer,Utilities,White,5,not defaulted,employed,3,licensed,ByBirth,290,2279,+
male,39,5,married,customer,IT,White,3.5,not defaulted,employed,10,licensed,ByBirth,0,0,+
female,64.08,0.165,married,customer,Healthcare,Latino,0,not defaulted,employed,1,unlicensed,ByBirth,232,100,+
male,28.25,5.125,married,customer,Utilities,White,4.75,not defaulted,employed,2,unlicensed,ByBirth,420,7,+
female,28.75,3.75,married,customer,Energy,White,1.085,not defaulted,employed,1,licensed,ByBirth,371,0,+
male,31.33,19.5,married,customer,Energy,White,7,not defaulted,employed,16,unlicensed,ByBirth,0,5000,+
female,18.92,9,married,customer,ConsStaps,White,0.75,not defaulted,employed,2,unlicensed,ByBirth,88,591,+
female,24.75,3,married,customer,Materials,Black,1.835,not defaulted,employed,19,unlicensed,ByBirth,0,500,+
female,30.67,12,married,customer,Energy,White,2,not defaulted,employed,1,unlicensed,ByBirth,220,19,+
male,21,4.79,unmarried,non customer,Industrials,White,2.25,not defaulted,employed,1,licensed,ByBirth,80,300,+
male,13.75,4,unmarried,non customer,Industrials,White,1.75,not defaulted,employed,2,licensed,ByBirth,120,1000,+
female,46,4,married,customer,Research,Other,0,not defaulted,unemployed,0,unlicensed,ByBirth,100,960,+
female,44.33,0,married,customer,Energy,White,2.5,not defaulted,unemployed,0,unlicensed,ByBirth,0,0,+
male,20.25,9.96,married,customer,Education,Other,0,not defaulted,unemployed,0,unlicensed,ByBirth,0,0,+
male,22.67,2.54,unmarried,non customer,Energy,Black,2.585,not defaulted,unemployed,0,unlicensed,ByBirth,0,0,+
male,28.46,10.5,married,customer,Utilities,White,6.5,not defaulted,unemployed,0,unlicensed,ByBirth,0,0,+
female,60.92,5,married,customer,ConsStaps,White,4,not defaulted,employed,4,unlicensed,ByBirth,0,99,+
male,16.08,0.75,married,customer,Energy,White,1.75,not defaulted,employed,5,licensed,ByBirth,352,690,+
female,28.17,0.375,married,customer,Materials,White,0.585,not defaulted,employed,4,unlicensed,ByBirth,80,0,+
male,39.17,1.71,married,customer,Utilities,White,0.125,not defaulted,employed,5,licensed,ByBirth,480,0,+
male,20.42,7.5,married,customer,Financials,White,1.5,not defaulted,employed,1,unlicensed,ByBirth,160,234,+
female,30,5.29,married,customer,Education,Other,2.25,not defaulted,employed,5,licensed,ByBirth,99,500,+
male,22.83,3,married,customer,CommServ,White,1.29,not defaulted,employed,1,unlicensed,ByBirth,260,800,+
female,22.5,8.5,married,customer,Materials,White,1.75,not defaulted,employed,10,unlicensed,ByBirth,80,990,-
female,28.58,1.665,married,customer,Materials,White,2.415,not defaulted,unemployed,0,licensed,ByBirth,440,0,-
male,45.17,1.5,married,customer,Energy,White,2.5,not defaulted,unemployed,0,licensed,ByBirth,140,0,-
male,41.58,1.75,married,customer,Financials,White,0.21,not defaulted,unemployed,0,unlicensed,ByBirth,160,0,-
female,57.08,0.335,married,customer,ConsDisc,Asian,1,not defaulted,unemployed,0,licensed,ByBirth,252,2197,-
female,55.75,7.08,married,customer,Financials,Black,6.75,not defaulted,employed,3,licensed,ByBirth,100,50,-
male,43.25,25.21,married,customer,Materials,Black,0.21,not defaulted,employed,1,unlicensed,ByBirth,760,90,-
female,25.33,2.085,married,customer,Energy,Black,2.75,not defaulted,unemployed,0,licensed,ByBirth,360,1,-
female,24.58,0.67,married,customer,ConsStaps,Black,1.75,not defaulted,unemployed,0,unlicensed,ByBirth,400,0,-
male,43.17,2.25,married,customer,ConsDisc,Asian,0.75,not defaulted,unemployed,0,unlicensed,ByBirth,560,0,-
male,40.92,0.835,married,customer,Healthcare,Latino,0,not defaulted,unemployed,0,unlicensed,ByBirth,130,1,-
male,31.83,2.5,married,customer,ConsStaps,White,7.5,not defaulted,unemployed,0,licensed,ByBirth,523,0,-
female,33.92,1.585,unmarried,non customer,Healthcare,Latino,0,not defaulted,unemployed,0,unlicensed,ByBirth,320,0,-
female,24.92,1.25,married,customer,Healthcare,Latino,0,not defaulted,unemployed,0,unlicensed,ByBirth,80,0,-
male,35.25,3.165,married,customer,Utilities,Black,3.75,not defaulted,unemployed,0,licensed,ByBirth,680,0,-
male,34.25,1.75,married,customer,Industrials,Asian,0.25,not defaulted,unemployed,0,licensed,ByBirth,163,0,-
male,80.25,5.5,married,customer,Energy,White,0.54,not defaulted,unemployed,0,unlicensed,ByBirth,0,340,-
male,19.42,1.5,unmarried,non customer,IT,White,2,not defaulted,unemployed,0,licensed,ByBirth,100,20,-
male,42.75,3,married,customer,ConsDisc,Asian,1,not defaulted,unemployed,0,unlicensed,ByBirth,0,200,-
male,19.67,10,unmarried,non customer,Financials,Black,0.835,not defaulted,unemployed,0,licensed,ByBirth,140,0,-
male,36.33,3.79,married,customer,Industrials,White,1.165,not defaulted,unemployed,0,licensed,ByBirth,200,0,-
male,30.08,1.04,unmarried,non customer,ConsDisc,Asian,0.5,not defaulted,employed,10,licensed,ByBirth,132,28,-
male,44.25,11,unmarried,non customer,Real Estate,White,1.5,not defaulted,unemployed,0,unlicensed,ByOtherMeans,0,0,-
male,23.58,0.46,unmarried,non customer,Industrials,White,2.625,not defaulted,employed,6,licensed,ByBirth,208,347,-
male,23.92,1.5,married,customer,Real Estate,Black,1.875,not defaulted,employed,6,unlicensed,ByBirth,200,327,+
male,33.17,1,married,customer,Utilities,White,0.75,not defaulted,employed,7,licensed,ByBirth,340,4071,+
male,48.33,12,married,customer,CommServ,White,16,not defaulted,unemployed,0,unlicensed,ByOtherMeans,110,0,+
male,76.75,22.29,married,customer,Education,Other,12.75,not defaulted,employed,1,licensed,ByBirth,0,109,+
male,51.33,10,married,customer,ConsDisc,Asian,0,not defaulted,employed,11,unlicensed,ByBirth,0,1249,+
male,34.75,15,married,customer,Transport,Other,5.375,not defaulted,employed,9,licensed,ByBirth,0,134,+
male,38.58,3.335,married,customer,Industrials,White,4,not defaulted,employed,14,unlicensed,ByBirth,383,1344,+
female,22.42,11.25,unmarried,non customer,Utilities,Black,0.75,not defaulted,employed,4,unlicensed,ByBirth,0,321,+
male,41.92,0.42,married,customer,Energy,Black,0.21,not defaulted,employed,6,unlicensed,ByBirth,220,948,+
male,29.58,4.5,married,customer,Industrials,White,7.5,not defaulted,employed,2,licensed,ByBirth,330,0,+
female,32.17,1.46,married,customer,Industrials,White,1.085,not defaulted,employed,16,unlicensed,ByBirth,120,2079,+
male,51.42,0.04,married,customer,Utilities,Black,0.04,not defaulted,unemployed,0,unlicensed,ByBirth,0,3000,+
female,22.83,2.29,married,customer,Materials,Black,2.29,not defaulted,employed,7,licensed,ByBirth,140,2384,+
female,25,12.33,married,customer,IT,Black,3.5,not defaulted,employed,6,unlicensed,ByBirth,400,458,+
male,26.75,1.125,married,customer,Utilities,Black,1.25,not defaulted,unemployed,0,unlicensed,ByBirth,0,5298,+
male,23.33,1.5,married,customer,Energy,Black,1.415,not defaulted,unemployed,0,unlicensed,ByBirth,422,200,+
male,24.42,12.335,married,customer,Materials,Black,1.585,not defaulted,unemployed,0,licensed,ByBirth,120,0,+
male,42.17,5.04,married,customer,Materials,Black,12.75,not defaulted,unemployed,0,licensed,ByBirth,92,0,+
female,20.83,3,married,customer,ConsStaps,White,0.04,not defaulted,unemployed,0,unlicensed,ByBirth,100,0,+
male,23.08,11.5,married,customer,Industrials,Black,2.125,not defaulted,employed,11,licensed,ByBirth,290,284,+
female,25.17,2.875,married,customer,Utilities,Black,0.875,not defaulted,unemployed,0,unlicensed,ByBirth,360,0,+
male,43.08,0.375,unmarried,non customer,Energy,White,0.375,not defaulted,employed,8,licensed,ByBirth,300,162,+
female,35.75,0.915,married,customer,ConsStaps,White,0.75,not defaulted,employed,4,unlicensed,ByBirth,0,1583,+
male,59.5,2.75,married,customer,Industrials,White,1.75,not defaulted,employed,5,licensed,ByBirth,60,58,+
male,21,3,unmarried,non customer,Real Estate,White,1.085,not defaulted,employed,8,licensed,ByBirth,160,1,+
male,21.92,0.54,unmarried,non customer,Utilities,White,0.04,not defaulted,employed,1,licensed,ByBirth,840,59,+
female,65.17,14,married,customer,Healthcare,Latino,0,not defaulted,employed,11,licensed,ByBirth,0,1400,+
female,20.33,10,married,customer,Energy,Black,1,not defaulted,employed,4,unlicensed,ByBirth,50,1465,+
male,32.25,0.165,unmarried,non customer,Energy,Black,3.25,not defaulted,employed,1,licensed,ByBirth,432,8000,+
male,30.17,0.5,married,customer,Energy,White,1.75,not defaulted,employed,11,unlicensed,ByBirth,32,540,+
male,25.17,6,married,customer,Energy,White,1,not defaulted,employed,3,unlicensed,ByBirth,0,0,+
male,39.17,1.625,married,customer,Energy,White,1.5,not defaulted,employed,10,unlicensed,ByBirth,186,4700,+
male,39.08,6,married,customer,CommServ,White,1.29,not defaulted,employed,5,licensed,ByBirth,108,1097,+
male,31.67,0.83,married,customer,Utilities,White,1.335,not defaulted,employed,8,licensed,ByBirth,303,3290,+
male,41,0.04,married,customer,Education,White,0.04,defaulted,employed,1,unlicensed,ByOtherMeans,560,0,+
male,48.5,4.25,married,customer,CommServ,White,0.125,not defaulted,unemployed,0,licensed,ByBirth,225,0,+
male,32.67,9,unmarried,non customer,Industrials,Black,5.25,not defaulted,unemployed,0,licensed,ByBirth,154,0,+
female,28.08,15,unmarried,non customer,Education,Other,0,not defaulted,unemployed,0,unlicensed,ByBirth,0,13212,+
male,73.42,17.75,married,customer,Healthcare,Latino,0,not defaulted,unemployed,0,licensed,ByBirth,0,0,+
male,64.08,20,married,customer,Utilities,Black,17.5,not defaulted,employed,9,licensed,ByBirth,0,1000,+
male,51.58,15,married,customer,Energy,White,8.5,not defaulted,employed,9,unlicensed,ByBirth,0,0,+
male,26.67,1.75,unmarried,non customer,Energy,White,1,not defaulted,employed,5,licensed,ByBirth,160,5777,+
male,25.33,0.58,married,customer,Energy,White,0.29,not defaulted,employed,7,licensed,ByBirth,96,5124,+
male,30.17,6.5,married,customer,IT,White,3.125,not defaulted,employed,8,unlicensed,ByBirth,330,1200,+
male,27,0.75,married,customer,Energy,Black,4.25,not defaulted,employed,3,licensed,ByBirth,312,150,+
male,23.17,0,married,customer,Energy,White,0,defaulted,unemployed,0,unlicensed,Temporary,0,0,+
male,34.17,5.25,married,customer,Industrials,White,0.085,defaulted,unemployed,0,licensed,ByBirth,290,6,+
male,38.67,0.21,married,customer,Financials,White,0.085,not defaulted,unemployed,0,licensed,ByBirth,280,0,+
male,25.75,0.75,married,customer,Energy,Asian,0.25,not defaulted,unemployed,0,unlicensed,ByBirth,349,23,+
female,46.08,3,married,customer,Energy,White,2.375,not defaulted,employed,8,licensed,ByBirth,396,4159,+
female,21.5,6,married,customer,ConsStaps,White,2.5,not defaulted,employed,3,unlicensed,ByBirth,80,918,+
male,20.08,0.125,married,customer,Materials,White,1,defaulted,employed,1,unlicensed,ByBirth,240,768,+
male,20.5,2.415,married,customer,Energy,White,2,not defaulted,employed,11,licensed,ByBirth,200,3000,+
female,29.5,0.46,married,customer,Financials,White,0.54,not defaulted,employed,4,unlicensed,ByBirth,380,500,+
male,42.25,1.75,unmarried,non customer,Energy,White,0,defaulted,unemployed,0,licensed,ByBirth,150,1,-
male,29.83,1.25,unmarried,non customer,Financials,White,0.25,defaulted,unemployed,0,unlicensed,ByBirth,224,0,-
male,20.08,0.25,married,customer,Materials,White,0.125,defaulted,unemployed,0,unlicensed,ByBirth,200,0,-
male,23.42,0.585,married,customer,Energy,Black,0.085,not defaulted,unemployed,0,unlicensed,ByBirth,180,0,-
female,29.58,1.75,unmarried,non customer,Financials,White,1.25,defaulted,unemployed,0,licensed,ByBirth,280,0,-
male,16.17,0.04,married,customer,Energy,White,0.04,defaulted,unemployed,0,unlicensed,ByBirth,0,0,+
male,32.33,3.5,married,customer,Financials,White,0.5,defaulted,unemployed,0,licensed,ByBirth,232,0,-
male,28.46,0.04,unmarried,non customer,Real Estate,White,4.25,defaulted,unemployed,0,licensed,ByBirth,460,0,-
male,47.83,4.165,married,customer,Utilities,Asian,0.085,defaulted,unemployed,0,licensed,ByBirth,520,0,-
male,20,1.25,unmarried,non customer,Financials,White,0.125,defaulted,unemployed,0,unlicensed,ByBirth,140,4,-
male,27.58,3.25,unmarried,non customer,Materials,Black,5.085,defaulted,employed,2,licensed,ByBirth,369,1,-
male,22,0.79,married,customer,Industrials,White,0.29,defaulted,employed,1,unlicensed,ByBirth,420,283,-
male,19.33,10.915,married,customer,Energy,Asian,0.585,defaulted,employed,2,licensed,ByBirth,200,7,-
female,38.33,4.415,married,customer,Energy,White,0.125,defaulted,unemployed,0,unlicensed,ByBirth,160,0,-
male,29.42,1.25,married,customer,Energy,Black,0.25,defaulted,employed,2,licensed,ByBirth,400,108,-
male,22.67,0.75,married,customer,ConsDisc,White,1.585,defaulted,employed,1,licensed,ByBirth,400,9,-
male,32.25,14,unmarried,non customer,Healthcare,Latino,0,defaulted,employed,2,unlicensed,ByBirth,160,1,-
male,29.58,4.75,married,customer,CommServ,White,2,defaulted,employed,1,licensed,ByBirth,460,68,-
male,18.42,10.415,unmarried,non customer,ConsStaps,White,0.125,not defaulted,unemployed,0,unlicensed,ByBirth,120,375,-
male,22.17,2.25,married,customer,ConsDisc,White,0.125,defaulted,unemployed,0,unlicensed,ByBirth,160,10,-
male,22.67,0.165,married,customer,Energy,Other,2.25,defaulted,unemployed,0,licensed,ByOtherMeans,0,0,+
female,25.58,0,married,customer,Energy,White,0,defaulted,unemployed,0,unlicensed,Temporary,0,0,+
male,18.83,0,married,customer,Materials,White,0.665,defaulted,unemployed,0,unlicensed,ByBirth,160,1,-
male,21.58,0.79,unmarried,non customer,IT,White,0.665,defaulted,unemployed,0,unlicensed,ByBirth,160,0,-
male,23.75,12,married,customer,Energy,White,2.085,defaulted,unemployed,0,unlicensed,ByOtherMeans,80,0,-
male,22,7.835,unmarried,non customer,ConsDisc,Asian,0.165,defaulted,unemployed,0,licensed,ByBirth,0,0,-
male,36.08,2.54,married,customer,Healthcare,Latino,0,defaulted,unemployed,0,unlicensed,ByBirth,0,1000,-
male,29.25,13,married,customer,Real Estate,Black,0.5,defaulted,unemployed,0,unlicensed,ByBirth,228,0,-
female,19.58,0.665,married,customer,Industrials,White,1.665,defaulted,unemployed,0,unlicensed,ByBirth,220,5,-
female,22.92,1.25,married,customer,Materials,White,0.25,defaulted,unemployed,0,licensed,ByBirth,120,809,-
female,27.25,0.29,married,customer,CommServ,Black,0.125,defaulted,employed,1,licensed,ByBirth,272,108,-
female,38.75,1.5,married,customer,Healthcare,Latino,0,defaulted,unemployed,0,unlicensed,ByBirth,76,0,-
male,32.42,2.165,unmarried,non customer,Financials,Latino,0,defaulted,unemployed,0,unlicensed,ByBirth,120,0,-
female,23.75,0.71,married,customer,Industrials,White,0.25,defaulted,employed,1,licensed,ByBirth,240,4,-
male,18.17,2.46,married,customer,Energy,Other,0.96,defaulted,employed,2,licensed,ByBirth,160,587,-
male,40.92,0.5,unmarried,non customer,CommServ,White,0.5,defaulted,unemployed,0,licensed,ByBirth,130,0,-
male,19.5,9.585,married,customer,ConsStaps,White,0.79,defaulted,unemployed,0,unlicensed,ByBirth,80,350,-
male,28.58,3.625,married,customer,ConsStaps,White,0.25,defaulted,unemployed,0,licensed,ByBirth,100,0,-
male,35.58,0.75,married,customer,Financials,White,1.5,defaulted,unemployed,0,licensed,ByBirth,231,0,-
male,34.17,2.75,married,customer,ConsDisc,Asian,2.5,defaulted,unemployed,0,licensed,ByBirth,232,200,-
male,33.17,2.25,unmarried,non customer,IT,White,3.5,defaulted,unemployed,0,licensed,ByBirth,200,141,-
male,31.58,0.75,unmarried,non customer,ConsStaps,White,3.5,defaulted,unemployed,0,licensed,ByBirth,320,0,-
female,52.5,7,married,customer,ConsStaps,Black,3,defaulted,unemployed,0,unlicensed,ByBirth,0,0,-
male,36.17,0.42,unmarried,non customer,Industrials,White,0.29,defaulted,unemployed,0,licensed,ByBirth,309,2,-
male,37.33,2.665,married,customer,IT,White,0.165,defaulted,unemployed,0,licensed,ByBirth,0,501,-
female,20.83,8.5,married,customer,Energy,White,0.165,defaulted,unemployed,0,unlicensed,ByBirth,0,351,-
male,24.08,9,married,customer,ConsStaps,White,0.25,defaulted,unemployed,0,licensed,ByBirth,0,0,-
male,25.58,0.335,married,customer,Financials,Black,3.5,defaulted,unemployed,0,licensed,ByBirth,340,0,-
female,35.17,3.75,married,customer,Healthcare,Latino,0,defaulted,employed,6,unlicensed,ByBirth,0,200,-
male,48.08,3.75,married,customer,ConsDisc,Asian,1,defaulted,unemployed,0,unlicensed,ByBirth,100,2,-
female,15.83,7.625,married,customer,Materials,White,0.125,defaulted,employed,1,licensed,ByBirth,0,160,-
female,22.5,0.415,married,customer,ConsDisc,White,0.335,defaulted,unemployed,0,licensed,ByOtherMeans,144,0,-
male,21.5,11.5,married,customer,ConsDisc,White,0.5,not defaulted,unemployed,0,licensed,ByBirth,100,68,-
female,23.58,0.83,married,customer,Materials,White,0.415,defaulted,employed,1,licensed,ByBirth,200,11,-
female,21.08,5,unmarried,non customer,Healthcare,Latino,0,defaulted,unemployed,0,unlicensed,ByBirth,0,0,-
male,25.67,3.25,married,customer,Energy,Black,2.29,defaulted,employed,1,licensed,ByBirth,416,21,-
female,38.92,1.665,married,customer,ConsStaps,White,0.25,defaulted,unemployed,0,unlicensed,ByBirth,0,390,-
female,15.75,0.375,married,customer,Energy,White,1,defaulted,unemployed,0,unlicensed,ByBirth,120,18,-
female,28.58,3.75,married,customer,Energy,White,0.25,defaulted,employed,1,licensed,ByBirth,40,154,-
male,22.25,9,married,customer,ConsStaps,White,0.085,defaulted,unemployed,0,unlicensed,ByBirth,0,0,-
male,29.83,3.5,married,customer,Energy,White,0.165,defaulted,unemployed,0,unlicensed,ByBirth,216,0,-
female,23.5,1.5,married,customer,Industrials,White,0.875,defaulted,unemployed,0,licensed,ByBirth,160,0,-
male,32.08,4,unmarried,non customer,IT,White,1.5,defaulted,unemployed,0,licensed,ByBirth,120,0,-
male,31.08,1.5,unmarried,non customer,Industrials,White,0.04,defaulted,unemployed,0,unlicensed,ByOtherMeans,160,0,-
male,31.83,0.04,unmarried,non customer,CommServ,White,0.04,defaulted,unemployed,0,unlicensed,ByBirth,0,0,-
female,21.75,11.75,married,customer,Energy,White,0.25,defaulted,unemployed,0,licensed,ByBirth,180,0,-
female,17.92,0.54,married,customer,Energy,White,1.75,defaulted,employed,1,licensed,ByBirth,80,5,-
male,30.33,0.5,married,customer,Real Estate,Black,0.085,defaulted,unemployed,0,licensed,ByOtherMeans,252,0,-
male,51.83,2.04,unmarried,non customer,Healthcare,Latino,1.5,defaulted,unemployed,0,unlicensed,ByBirth,120,1,-
male,47.17,5.835,married,customer,Industrials,White,5.5,defaulted,unemployed,0,unlicensed,ByBirth,465,150,-
male,25.83,12.835,married,customer,IT,White,0.5,defaulted,unemployed,0,unlicensed,ByBirth,0,2,-
female,50.25,0.835,married,customer,ConsStaps,White,0.5,defaulted,unemployed,0,licensed,ByBirth,240,117,-
male,29.5,2,unmarried,non customer,Education,Black,2,defaulted,unemployed,0,unlicensed,ByBirth,256,17,-
female,37.33,2.5,married,customer,ConsDisc,Black,0.21,defaulted,unemployed,0,unlicensed,ByBirth,260,246,-
female,41.58,1.04,married,customer,ConsStaps,White,0.665,defaulted,unemployed,0,unlicensed,ByBirth,240,237,-
female,30.58,10.665,married,customer,Materials,Black,0.085,defaulted,employed,12,licensed,ByBirth,129,3,-
male,19.42,7.25,married,customer,CommServ,White,0.04,defaulted,employed,1,unlicensed,ByBirth,100,1,-
female,17.92,10.21,married,customer,Healthcare,Latino,0,defaulted,unemployed,0,unlicensed,ByBirth,0,50,-
female,20.08,1.25,married,customer,Energy,White,0,defaulted,unemployed,0,unlicensed,ByBirth,0,0,-
male,19.5,0.29,married,customer,Financials,White,0.29,defaulted,unemployed,0,unlicensed,ByBirth,280,364,-
male,27.83,1,unmarried,non customer,Real Estate,Black,3,defaulted,unemployed,0,unlicensed,ByBirth,176,537,-
male,17.08,3.29,married,customer,ConsDisc,White,0.335,defaulted,unemployed,0,licensed,ByBirth,140,2,-
male,36.42,0.75,unmarried,non customer,Real Estate,White,0.585,defaulted,unemployed,0,unlicensed,ByBirth,240,3,-
male,40.58,3.29,married,customer,CommServ,White,3.5,defaulted,unemployed,0,licensed,ByOtherMeans,400,0,-
male,21.08,10.085,unmarried,non customer,Education,Black,1.25,defaulted,unemployed,0,unlicensed,ByBirth,260,0,-
female,22.67,0.75,married,customer,Energy,White,2,defaulted,employed,2,licensed,ByBirth,200,394,-
female,25.25,13.5,unmarried,non customer,Healthcare,Latino,2,defaulted,employed,1,licensed,ByBirth,200,1,-
male,17.92,0.205,married,customer,ConsStaps,White,0.04,defaulted,unemployed,0,unlicensed,ByBirth,280,750,-
male,35,3.375,married,customer,Energy,Black,8.29,defaulted,unemployed,0,licensed,ByBirth,0,0,-
